{"G_GAN": 0.29518815875053406, "G_L1": 0.016500037163496017, "D_real": 0.28342103958129883, "D_fake": 0.24261917173862457, "C": 0.018232794478535652, "_timestamp": 1666033382.309858, "_runtime": 894.812028169632, "_step": 89, "HTER_train": 0.0, "EER_train": 0.0, "ACC_train": 1.0, "HTER": 0.06851851851851852, "EER": 0.06296296296296296, "ACC": 0.9435185185185185, "_wandb": {"runtime": 894}}