{"G_GAN": 0.4727596640586853, "G_L1": 0.068922258913517, "D_real": 0.2603146731853485, "D_fake": 0.126817986369133, "C": 2.4310526847839355, "_timestamp": 1666031352.0215068, "_runtime": 126.50577783584595, "_step": 13, "HTER": 0.0, "EER": 0.0, "ACC": 1.0000125, "_wandb": {"runtime": 144}}