{"G_GAN": 0.5078688859939575, "G_L1": 0.02895493619143963, "D_real": 0.1583007127046585, "D_fake": 0.11901482194662094, "C": 0.01780589297413826, "_timestamp": 1666032337.43934, "_runtime": 892.4771301746368, "_step": 89, "HTER_train": 0.0, "EER_train": 0.0, "ACC_train": 1.0, "HTER": 0.18086419753086422, "EER": 0.040123456790123455, "ACC": 0.9083333333333333, "_wandb": {"runtime": 892}}